<?xml version="1.0" encoding="UTF-8" standalone="no"?><genotype size="50"><chromosome size="10"><genes><gene class="org.jgap.impl.IntegerGene"><allele value="0:0:4"/></gene><gene class="org.jgap.impl.IntegerGene"><allele value="0:0:14"/></gene><gene class="org.jgap.impl.IntegerGene"><allele value="6:0:8"/></gene><gene class="org.jgap.impl.IntegerGene"><allele value="0:0:1"/></gene><gene class="org.jgap.impl.IntegerGene"><allele value="1:0:8"/></gene><gene class="org.jgap.impl.IntegerGene"><allele value="2:0:43"/></gene><gene class="org.jgap.impl.IntegerGene"><allele value="0:0:3"/></gene><gene class="org.jgap.impl.IntegerGene"><allele value="0:0:1"/></gene><gene class="org.jgap.impl.IntegerGene"><allele value="0:0:1"/></gene><gene class="org.jgap.impl.IntegerGene"><allele value="0:0:1"/></gene></genes></chromosome><chromosome size="10"><genes><gene class="org.jgap.impl.IntegerGene"><allele value="0:0:4"/></gene><gene class="org.jgap.impl.IntegerGene"><allele value="0:0:14"/></gene><gene class="org.jgap.impl.IntegerGene"><allele value="6:0:8"/></gene><gene class="org.jgap.impl.IntegerGene"><allele value="0:0:1"/></gene><gene class="org.jgap.impl.IntegerGene"><allele value="1:0:8"/></gene><gene class="org.jgap.impl.IntegerGene"><allele value="2:0:43"/></gene><gene class="org.jgap.impl.IntegerGene"><allele value="0:0:3"/></gene><gene class="org.jgap.impl.IntegerGene"><allele value="0:0:1"/></gene><gene class="org.jgap.impl.IntegerGene"><allele value="0:0:1"/></gene><gene class="org.jgap.impl.IntegerGene"><allele value="0:0:1"/></gene></genes></chromosome><chromosome size="10"><genes><gene class="org.jgap.impl.IntegerGene"><allele value="0:0:4"/></gene><gene class="org.jgap.impl.IntegerGene"><allele value="0:0:14"/></gene><gene class="org.jgap.impl.IntegerGene"><allele value="6:0:8"/></gene><gene class="org.jgap.impl.IntegerGene"><allele value="0:0:1"/></gene><gene class="org.jgap.impl.IntegerGene"><allele value="1:0:8"/></gene><gene class="org.jgap.impl.IntegerGene"><allele value="2:0:43"/></gene><gene class="org.jgap.impl.IntegerGene"><allele value="0:0:3"/></gene><gene class="org.jgap.impl.IntegerGene"><allele value="0:0:1"/></gene><gene class="org.jgap.impl.IntegerGene"><allele value="0:0:1"/></gene><gene class="org.jgap.impl.IntegerGene"><allele value="0:0:1"/></gene></genes></chromosome><chromosome size="10"><genes><gene class="org.jgap.impl.IntegerGene"><allele value="0:0:4"/></gene><gene class="org.jgap.impl.IntegerGene"><allele value="0:0:14"/></gene><gene class="org.jgap.impl.IntegerGene"><allele value="6:0:8"/></gene><gene class="org.jgap.impl.IntegerGene"><allele value="0:0:1"/></gene><gene class="org.jgap.impl.IntegerGene"><allele value="1:0:8"/></gene><gene class="org.jgap.impl.IntegerGene"><allele value="2:0:43"/></gene><gene class="org.jgap.impl.IntegerGene"><allele value="0:0:3"/></gene><gene class="org.jgap.impl.IntegerGene"><allele value="0:0:1"/></gene><gene class="org.jgap.impl.IntegerGene"><allele value="0:0:1"/></gene><gene class="org.jgap.impl.IntegerGene"><allele value="0:0:1"/></gene></genes></chromosome><chromosome size="10"><genes><gene class="org.jgap.impl.IntegerGene"><allele value="0:0:4"/></gene><gene class="org.jgap.impl.IntegerGene"><allele value="0:0:14"/></gene><gene class="org.jgap.impl.IntegerGene"><allele value="6:0:8"/></gene><gene class="org.jgap.impl.IntegerGene"><allele value="0:0:1"/></gene><gene class="org.jgap.impl.IntegerGene"><allele value="1:0:8"/></gene><gene class="org.jgap.impl.IntegerGene"><allele value="2:0:43"/></gene><gene class="org.jgap.impl.IntegerGene"><allele value="0:0:3"/></gene><gene class="org.jgap.impl.IntegerGene"><allele value="0:0:1"/></gene><gene class="org.jgap.impl.IntegerGene"><allele value="0:0:1"/></gene><gene class="org.jgap.impl.IntegerGene"><allele value="0:0:1"/></gene></genes></chromosome><chromosome size="10"><genes><gene class="org.jgap.impl.IntegerGene"><allele value="0:0:4"/></gene><gene class="org.jgap.impl.IntegerGene"><allele value="0:0:14"/></gene><gene class="org.jgap.impl.IntegerGene"><allele value="6:0:8"/></gene><gene class="org.jgap.impl.IntegerGene"><allele value="0:0:1"/></gene><gene class="org.jgap.impl.IntegerGene"><allele value="1:0:8"/></gene><gene class="org.jgap.impl.IntegerGene"><allele value="2:0:43"/></gene><gene class="org.jgap.impl.IntegerGene"><allele value="0:0:3"/></gene><gene class="org.jgap.impl.IntegerGene"><allele value="0:0:1"/></gene><gene class="org.jgap.impl.IntegerGene"><allele value="0:0:1"/></gene><gene class="org.jgap.impl.IntegerGene"><allele value="0:0:1"/></gene></genes></chromosome><chromosome size="10"><genes><gene class="org.jgap.impl.IntegerGene"><allele value="0:0:4"/></gene><gene class="org.jgap.impl.IntegerGene"><allele value="0:0:14"/></gene><gene class="org.jgap.impl.IntegerGene"><allele value="6:0:8"/></gene><gene class="org.jgap.impl.IntegerGene"><allele value="0:0:1"/></gene><gene class="org.jgap.impl.IntegerGene"><allele value="1:0:8"/></gene><gene class="org.jgap.impl.IntegerGene"><allele value="2:0:43"/></gene><gene class="org.jgap.impl.IntegerGene"><allele value="0:0:3"/></gene><gene class="org.jgap.impl.IntegerGene"><allele value="0:0:1"/></gene><gene class="org.jgap.impl.IntegerGene"><allele value="0:0:1"/></gene><gene class="org.jgap.impl.IntegerGene"><allele value="0:0:1"/></gene></genes></chromosome><chromosome size="10"><genes><gene class="org.jgap.impl.IntegerGene"><allele value="0:0:4"/></gene><gene class="org.jgap.impl.IntegerGene"><allele value="0:0:14"/></gene><gene class="org.jgap.impl.IntegerGene"><allele value="6:0:8"/></gene><gene class="org.jgap.impl.IntegerGene"><allele value="0:0:1"/></gene><gene class="org.jgap.impl.IntegerGene"><allele value="1:0:8"/></gene><gene class="org.jgap.impl.IntegerGene"><allele value="2:0:43"/></gene><gene class="org.jgap.impl.IntegerGene"><allele value="0:0:3"/></gene><gene class="org.jgap.impl.IntegerGene"><allele value="0:0:1"/></gene><gene class="org.jgap.impl.IntegerGene"><allele value="0:0:1"/></gene><gene class="org.jgap.impl.IntegerGene"><allele value="0:0:1"/></gene></genes></chromosome><chromosome size="10"><genes><gene class="org.jgap.impl.IntegerGene"><allele value="0:0:4"/></gene><gene class="org.jgap.impl.IntegerGene"><allele value="0:0:14"/></gene><gene class="org.jgap.impl.IntegerGene"><allele value="6:0:8"/></gene><gene class="org.jgap.impl.IntegerGene"><allele value="0:0:1"/></gene><gene class="org.jgap.impl.IntegerGene"><allele value="1:0:8"/></gene><gene class="org.jgap.impl.IntegerGene"><allele value="2:0:43"/></gene><gene class="org.jgap.impl.IntegerGene"><allele value="0:0:3"/></gene><gene class="org.jgap.impl.IntegerGene"><allele value="0:0:1"/></gene><gene class="org.jgap.impl.IntegerGene"><allele value="0:0:1"/></gene><gene class="org.jgap.impl.IntegerGene"><allele value="0:0:1"/></gene></genes></chromosome><chromosome size="10"><genes><gene class="org.jgap.impl.IntegerGene"><allele value="0:0:4"/></gene><gene class="org.jgap.impl.IntegerGene"><allele value="0:0:14"/></gene><gene class="org.jgap.impl.IntegerGene"><allele value="6:0:8"/></gene><gene class="org.jgap.impl.IntegerGene"><allele value="0:0:1"/></gene><gene class="org.jgap.impl.IntegerGene"><allele value="1:0:8"/></gene><gene class="org.jgap.impl.IntegerGene"><allele value="2:0:43"/></gene><gene class="org.jgap.impl.IntegerGene"><allele value="0:0:3"/></gene><gene class="org.jgap.impl.IntegerGene"><allele value="0:0:1"/></gene><gene class="org.jgap.impl.IntegerGene"><allele value="0:0:1"/></gene><gene class="org.jgap.impl.IntegerGene"><allele value="0:0:1"/></gene></genes></chromosome><chromosome size="10"><genes><gene class="org.jgap.impl.IntegerGene"><allele value="0:0:4"/></gene><gene class="org.jgap.impl.IntegerGene"><allele value="0:0:14"/></gene><gene class="org.jgap.impl.IntegerGene"><allele value="6:0:8"/></gene><gene class="org.jgap.impl.IntegerGene"><allele value="0:0:1"/></gene><gene class="org.jgap.impl.IntegerGene"><allele value="1:0:8"/></gene><gene class="org.jgap.impl.IntegerGene"><allele value="2:0:43"/></gene><gene class="org.jgap.impl.IntegerGene"><allele value="0:0:3"/></gene><gene class="org.jgap.impl.IntegerGene"><allele value="0:0:1"/></gene><gene class="org.jgap.impl.IntegerGene"><allele value="0:0:1"/></gene><gene class="org.jgap.impl.IntegerGene"><allele value="0:0:1"/></gene></genes></chromosome><chromosome size="10"><genes><gene class="org.jgap.impl.IntegerGene"><allele value="0:0:4"/></gene><gene class="org.jgap.impl.IntegerGene"><allele value="0:0:14"/></gene><gene class="org.jgap.impl.IntegerGene"><allele value="6:0:8"/></gene><gene class="org.jgap.impl.IntegerGene"><allele value="0:0:1"/></gene><gene class="org.jgap.impl.IntegerGene"><allele value="1:0:8"/></gene><gene class="org.jgap.impl.IntegerGene"><allele value="2:0:43"/></gene><gene class="org.jgap.impl.IntegerGene"><allele value="0:0:3"/></gene><gene class="org.jgap.impl.IntegerGene"><allele value="0:0:1"/></gene><gene class="org.jgap.impl.IntegerGene"><allele value="0:0:1"/></gene><gene class="org.jgap.impl.IntegerGene"><allele value="0:0:1"/></gene></genes></chromosome><chromosome size="10"><genes><gene class="org.jgap.impl.IntegerGene"><allele value="0:0:4"/></gene><gene class="org.jgap.impl.IntegerGene"><allele value="0:0:14"/></gene><gene class="org.jgap.impl.IntegerGene"><allele value="6:0:8"/></gene><gene class="org.jgap.impl.IntegerGene"><allele value="0:0:1"/></gene><gene class="org.jgap.impl.IntegerGene"><allele value="1:0:8"/></gene><gene class="org.jgap.impl.IntegerGene"><allele value="2:0:43"/></gene><gene class="org.jgap.impl.IntegerGene"><allele value="0:0:3"/></gene><gene class="org.jgap.impl.IntegerGene"><allele value="0:0:1"/></gene><gene class="org.jgap.impl.IntegerGene"><allele value="0:0:1"/></gene><gene class="org.jgap.impl.IntegerGene"><allele value="0:0:1"/></gene></genes></chromosome><chromosome size="10"><genes><gene class="org.jgap.impl.IntegerGene"><allele value="0:0:4"/></gene><gene class="org.jgap.impl.IntegerGene"><allele value="0:0:14"/></gene><gene class="org.jgap.impl.IntegerGene"><allele value="6:0:8"/></gene><gene class="org.jgap.impl.IntegerGene"><allele value="0:0:1"/></gene><gene class="org.jgap.impl.IntegerGene"><allele value="1:0:8"/></gene><gene class="org.jgap.impl.IntegerGene"><allele value="2:0:43"/></gene><gene class="org.jgap.impl.IntegerGene"><allele value="0:0:3"/></gene><gene class="org.jgap.impl.IntegerGene"><allele value="0:0:1"/></gene><gene class="org.jgap.impl.IntegerGene"><allele value="0:0:1"/></gene><gene class="org.jgap.impl.IntegerGene"><allele value="0:0:1"/></gene></genes></chromosome><chromosome size="10"><genes><gene class="org.jgap.impl.IntegerGene"><allele value="0:0:4"/></gene><gene class="org.jgap.impl.IntegerGene"><allele value="0:0:14"/></gene><gene class="org.jgap.impl.IntegerGene"><allele value="6:0:8"/></gene><gene class="org.jgap.impl.IntegerGene"><allele value="0:0:1"/></gene><gene class="org.jgap.impl.IntegerGene"><allele value="1:0:8"/></gene><gene class="org.jgap.impl.IntegerGene"><allele value="2:0:43"/></gene><gene class="org.jgap.impl.IntegerGene"><allele value="0:0:3"/></gene><gene class="org.jgap.impl.IntegerGene"><allele value="0:0:1"/></gene><gene class="org.jgap.impl.IntegerGene"><allele value="0:0:1"/></gene><gene class="org.jgap.impl.IntegerGene"><allele value="0:0:1"/></gene></genes></chromosome><chromosome size="10"><genes><gene class="org.jgap.impl.IntegerGene"><allele value="0:0:4"/></gene><gene class="org.jgap.impl.IntegerGene"><allele value="0:0:14"/></gene><gene class="org.jgap.impl.IntegerGene"><allele value="6:0:8"/></gene><gene class="org.jgap.impl.IntegerGene"><allele value="0:0:1"/></gene><gene class="org.jgap.impl.IntegerGene"><allele value="1:0:8"/></gene><gene class="org.jgap.impl.IntegerGene"><allele value="2:0:43"/></gene><gene class="org.jgap.impl.IntegerGene"><allele value="0:0:3"/></gene><gene class="org.jgap.impl.IntegerGene"><allele value="0:0:1"/></gene><gene class="org.jgap.impl.IntegerGene"><allele value="0:0:1"/></gene><gene class="org.jgap.impl.IntegerGene"><allele value="0:0:1"/></gene></genes></chromosome><chromosome size="10"><genes><gene class="org.jgap.impl.IntegerGene"><allele value="0:0:4"/></gene><gene class="org.jgap.impl.IntegerGene"><allele value="0:0:14"/></gene><gene class="org.jgap.impl.IntegerGene"><allele value="6:0:8"/></gene><gene class="org.jgap.impl.IntegerGene"><allele value="0:0:1"/></gene><gene class="org.jgap.impl.IntegerGene"><allele value="1:0:8"/></gene><gene class="org.jgap.impl.IntegerGene"><allele value="2:0:43"/></gene><gene class="org.jgap.impl.IntegerGene"><allele value="0:0:3"/></gene><gene class="org.jgap.impl.IntegerGene"><allele value="0:0:1"/></gene><gene class="org.jgap.impl.IntegerGene"><allele value="0:0:1"/></gene><gene class="org.jgap.impl.IntegerGene"><allele value="0:0:1"/></gene></genes></chromosome><chromosome size="10"><genes><gene class="org.jgap.impl.IntegerGene"><allele value="0:0:4"/></gene><gene class="org.jgap.impl.IntegerGene"><allele value="0:0:14"/></gene><gene class="org.jgap.impl.IntegerGene"><allele value="6:0:8"/></gene><gene class="org.jgap.impl.IntegerGene"><allele value="0:0:1"/></gene><gene class="org.jgap.impl.IntegerGene"><allele value="1:0:8"/></gene><gene class="org.jgap.impl.IntegerGene"><allele value="2:0:43"/></gene><gene class="org.jgap.impl.IntegerGene"><allele value="0:0:3"/></gene><gene class="org.jgap.impl.IntegerGene"><allele value="0:0:1"/></gene><gene class="org.jgap.impl.IntegerGene"><allele value="0:0:1"/></gene><gene class="org.jgap.impl.IntegerGene"><allele value="0:0:1"/></gene></genes></chromosome><chromosome size="10"><genes><gene class="org.jgap.impl.IntegerGene"><allele value="0:0:4"/></gene><gene class="org.jgap.impl.IntegerGene"><allele value="0:0:14"/></gene><gene class="org.jgap.impl.IntegerGene"><allele value="6:0:8"/></gene><gene class="org.jgap.impl.IntegerGene"><allele value="0:0:1"/></gene><gene class="org.jgap.impl.IntegerGene"><allele value="1:0:8"/></gene><gene class="org.jgap.impl.IntegerGene"><allele value="2:0:43"/></gene><gene class="org.jgap.impl.IntegerGene"><allele value="0:0:3"/></gene><gene class="org.jgap.impl.IntegerGene"><allele value="0:0:1"/></gene><gene class="org.jgap.impl.IntegerGene"><allele value="0:0:1"/></gene><gene class="org.jgap.impl.IntegerGene"><allele value="0:0:1"/></gene></genes></chromosome><chromosome size="10"><genes><gene class="org.jgap.impl.IntegerGene"><allele value="0:0:4"/></gene><gene class="org.jgap.impl.IntegerGene"><allele value="0:0:14"/></gene><gene class="org.jgap.impl.IntegerGene"><allele value="6:0:8"/></gene><gene class="org.jgap.impl.IntegerGene"><allele value="0:0:1"/></gene><gene class="org.jgap.impl.IntegerGene"><allele value="1:0:8"/></gene><gene class="org.jgap.impl.IntegerGene"><allele value="2:0:43"/></gene><gene class="org.jgap.impl.IntegerGene"><allele value="0:0:3"/></gene><gene class="org.jgap.impl.IntegerGene"><allele value="0:0:1"/></gene><gene class="org.jgap.impl.IntegerGene"><allele value="0:0:1"/></gene><gene class="org.jgap.impl.IntegerGene"><allele value="0:0:1"/></gene></genes></chromosome><chromosome size="10"><genes><gene class="org.jgap.impl.IntegerGene"><allele value="0:0:4"/></gene><gene class="org.jgap.impl.IntegerGene"><allele value="0:0:14"/></gene><gene class="org.jgap.impl.IntegerGene"><allele value="6:0:8"/></gene><gene class="org.jgap.impl.IntegerGene"><allele value="0:0:1"/></gene><gene class="org.jgap.impl.IntegerGene"><allele value="1:0:8"/></gene><gene class="org.jgap.impl.IntegerGene"><allele value="2:0:43"/></gene><gene class="org.jgap.impl.IntegerGene"><allele value="0:0:3"/></gene><gene class="org.jgap.impl.IntegerGene"><allele value="0:0:1"/></gene><gene class="org.jgap.impl.IntegerGene"><allele value="0:0:1"/></gene><gene class="org.jgap.impl.IntegerGene"><allele value="0:0:1"/></gene></genes></chromosome><chromosome size="10"><genes><gene class="org.jgap.impl.IntegerGene"><allele value="0:0:4"/></gene><gene class="org.jgap.impl.IntegerGene"><allele value="0:0:14"/></gene><gene class="org.jgap.impl.IntegerGene"><allele value="6:0:8"/></gene><gene class="org.jgap.impl.IntegerGene"><allele value="0:0:1"/></gene><gene class="org.jgap.impl.IntegerGene"><allele value="1:0:8"/></gene><gene class="org.jgap.impl.IntegerGene"><allele value="2:0:43"/></gene><gene class="org.jgap.impl.IntegerGene"><allele value="0:0:3"/></gene><gene class="org.jgap.impl.IntegerGene"><allele value="0:0:1"/></gene><gene class="org.jgap.impl.IntegerGene"><allele value="0:0:1"/></gene><gene class="org.jgap.impl.IntegerGene"><allele value="0:0:1"/></gene></genes></chromosome><chromosome size="10"><genes><gene class="org.jgap.impl.IntegerGene"><allele value="0:0:4"/></gene><gene class="org.jgap.impl.IntegerGene"><allele value="0:0:14"/></gene><gene class="org.jgap.impl.IntegerGene"><allele value="6:0:8"/></gene><gene class="org.jgap.impl.IntegerGene"><allele value="0:0:1"/></gene><gene class="org.jgap.impl.IntegerGene"><allele value="1:0:8"/></gene><gene class="org.jgap.impl.IntegerGene"><allele value="2:0:43"/></gene><gene class="org.jgap.impl.IntegerGene"><allele value="0:0:3"/></gene><gene class="org.jgap.impl.IntegerGene"><allele value="0:0:1"/></gene><gene class="org.jgap.impl.IntegerGene"><allele value="0:0:1"/></gene><gene class="org.jgap.impl.IntegerGene"><allele value="0:0:1"/></gene></genes></chromosome><chromosome size="10"><genes><gene class="org.jgap.impl.IntegerGene"><allele value="0:0:4"/></gene><gene class="org.jgap.impl.IntegerGene"><allele value="0:0:14"/></gene><gene class="org.jgap.impl.IntegerGene"><allele value="6:0:8"/></gene><gene class="org.jgap.impl.IntegerGene"><allele value="0:0:1"/></gene><gene class="org.jgap.impl.IntegerGene"><allele value="1:0:8"/></gene><gene class="org.jgap.impl.IntegerGene"><allele value="2:0:43"/></gene><gene class="org.jgap.impl.IntegerGene"><allele value="0:0:3"/></gene><gene class="org.jgap.impl.IntegerGene"><allele value="0:0:1"/></gene><gene class="org.jgap.impl.IntegerGene"><allele value="0:0:1"/></gene><gene class="org.jgap.impl.IntegerGene"><allele value="0:0:1"/></gene></genes></chromosome><chromosome size="10"><genes><gene class="org.jgap.impl.IntegerGene"><allele value="0:0:4"/></gene><gene class="org.jgap.impl.IntegerGene"><allele value="0:0:14"/></gene><gene class="org.jgap.impl.IntegerGene"><allele value="6:0:8"/></gene><gene class="org.jgap.impl.IntegerGene"><allele value="0:0:1"/></gene><gene class="org.jgap.impl.IntegerGene"><allele value="1:0:8"/></gene><gene class="org.jgap.impl.IntegerGene"><allele value="2:0:43"/></gene><gene class="org.jgap.impl.IntegerGene"><allele value="0:0:3"/></gene><gene class="org.jgap.impl.IntegerGene"><allele value="0:0:1"/></gene><gene class="org.jgap.impl.IntegerGene"><allele value="0:0:1"/></gene><gene class="org.jgap.impl.IntegerGene"><allele value="0:0:1"/></gene></genes></chromosome><chromosome size="10"><genes><gene class="org.jgap.impl.IntegerGene"><allele value="0:0:4"/></gene><gene class="org.jgap.impl.IntegerGene"><allele value="0:0:14"/></gene><gene class="org.jgap.impl.IntegerGene"><allele value="6:0:8"/></gene><gene class="org.jgap.impl.IntegerGene"><allele value="0:0:1"/></gene><gene class="org.jgap.impl.IntegerGene"><allele value="1:0:8"/></gene><gene class="org.jgap.impl.IntegerGene"><allele value="2:0:43"/></gene><gene class="org.jgap.impl.IntegerGene"><allele value="0:0:3"/></gene><gene class="org.jgap.impl.IntegerGene"><allele value="0:0:1"/></gene><gene class="org.jgap.impl.IntegerGene"><allele value="0:0:1"/></gene><gene class="org.jgap.impl.IntegerGene"><allele value="0:0:1"/></gene></genes></chromosome><chromosome size="10"><genes><gene class="org.jgap.impl.IntegerGene"><allele value="0:0:4"/></gene><gene class="org.jgap.impl.IntegerGene"><allele value="0:0:14"/></gene><gene class="org.jgap.impl.IntegerGene"><allele value="6:0:8"/></gene><gene class="org.jgap.impl.IntegerGene"><allele value="0:0:1"/></gene><gene class="org.jgap.impl.IntegerGene"><allele value="1:0:8"/></gene><gene class="org.jgap.impl.IntegerGene"><allele value="2:0:43"/></gene><gene class="org.jgap.impl.IntegerGene"><allele value="0:0:3"/></gene><gene class="org.jgap.impl.IntegerGene"><allele value="0:0:1"/></gene><gene class="org.jgap.impl.IntegerGene"><allele value="0:0:1"/></gene><gene class="org.jgap.impl.IntegerGene"><allele value="0:0:1"/></gene></genes></chromosome><chromosome size="10"><genes><gene class="org.jgap.impl.IntegerGene"><allele value="0:0:4"/></gene><gene class="org.jgap.impl.IntegerGene"><allele value="0:0:14"/></gene><gene class="org.jgap.impl.IntegerGene"><allele value="6:0:8"/></gene><gene class="org.jgap.impl.IntegerGene"><allele value="0:0:1"/></gene><gene class="org.jgap.impl.IntegerGene"><allele value="1:0:8"/></gene><gene class="org.jgap.impl.IntegerGene"><allele value="2:0:43"/></gene><gene class="org.jgap.impl.IntegerGene"><allele value="0:0:3"/></gene><gene class="org.jgap.impl.IntegerGene"><allele value="0:0:1"/></gene><gene class="org.jgap.impl.IntegerGene"><allele value="0:0:1"/></gene><gene class="org.jgap.impl.IntegerGene"><allele value="0:0:1"/></gene></genes></chromosome><chromosome size="10"><genes><gene class="org.jgap.impl.IntegerGene"><allele value="0:0:4"/></gene><gene class="org.jgap.impl.IntegerGene"><allele value="0:0:14"/></gene><gene class="org.jgap.impl.IntegerGene"><allele value="6:0:8"/></gene><gene class="org.jgap.impl.IntegerGene"><allele value="0:0:1"/></gene><gene class="org.jgap.impl.IntegerGene"><allele value="1:0:8"/></gene><gene class="org.jgap.impl.IntegerGene"><allele value="2:0:43"/></gene><gene class="org.jgap.impl.IntegerGene"><allele value="0:0:3"/></gene><gene class="org.jgap.impl.IntegerGene"><allele value="0:0:1"/></gene><gene class="org.jgap.impl.IntegerGene"><allele value="0:0:1"/></gene><gene class="org.jgap.impl.IntegerGene"><allele value="0:0:1"/></gene></genes></chromosome><chromosome size="10"><genes><gene class="org.jgap.impl.IntegerGene"><allele value="0:0:4"/></gene><gene class="org.jgap.impl.IntegerGene"><allele value="0:0:14"/></gene><gene class="org.jgap.impl.IntegerGene"><allele value="6:0:8"/></gene><gene class="org.jgap.impl.IntegerGene"><allele value="0:0:1"/></gene><gene class="org.jgap.impl.IntegerGene"><allele value="1:0:8"/></gene><gene class="org.jgap.impl.IntegerGene"><allele value="2:0:43"/></gene><gene class="org.jgap.impl.IntegerGene"><allele value="0:0:3"/></gene><gene class="org.jgap.impl.IntegerGene"><allele value="0:0:1"/></gene><gene class="org.jgap.impl.IntegerGene"><allele value="0:0:1"/></gene><gene class="org.jgap.impl.IntegerGene"><allele value="0:0:1"/></gene></genes></chromosome><chromosome size="10"><genes><gene class="org.jgap.impl.IntegerGene"><allele value="0:0:4"/></gene><gene class="org.jgap.impl.IntegerGene"><allele value="0:0:14"/></gene><gene class="org.jgap.impl.IntegerGene"><allele value="6:0:8"/></gene><gene class="org.jgap.impl.IntegerGene"><allele value="0:0:1"/></gene><gene class="org.jgap.impl.IntegerGene"><allele value="1:0:8"/></gene><gene class="org.jgap.impl.IntegerGene"><allele value="2:0:43"/></gene><gene class="org.jgap.impl.IntegerGene"><allele value="0:0:3"/></gene><gene class="org.jgap.impl.IntegerGene"><allele value="0:0:1"/></gene><gene class="org.jgap.impl.IntegerGene"><allele value="0:0:1"/></gene><gene class="org.jgap.impl.IntegerGene"><allele value="0:0:1"/></gene></genes></chromosome><chromosome size="10"><genes><gene class="org.jgap.impl.IntegerGene"><allele value="0:0:4"/></gene><gene class="org.jgap.impl.IntegerGene"><allele value="0:0:14"/></gene><gene class="org.jgap.impl.IntegerGene"><allele value="6:0:8"/></gene><gene class="org.jgap.impl.IntegerGene"><allele value="0:0:1"/></gene><gene class="org.jgap.impl.IntegerGene"><allele value="1:0:8"/></gene><gene class="org.jgap.impl.IntegerGene"><allele value="2:0:43"/></gene><gene class="org.jgap.impl.IntegerGene"><allele value="0:0:3"/></gene><gene class="org.jgap.impl.IntegerGene"><allele value="0:0:1"/></gene><gene class="org.jgap.impl.IntegerGene"><allele value="0:0:1"/></gene><gene class="org.jgap.impl.IntegerGene"><allele value="0:0:1"/></gene></genes></chromosome><chromosome size="10"><genes><gene class="org.jgap.impl.IntegerGene"><allele value="0:0:4"/></gene><gene class="org.jgap.impl.IntegerGene"><allele value="0:0:14"/></gene><gene class="org.jgap.impl.IntegerGene"><allele value="6:0:8"/></gene><gene class="org.jgap.impl.IntegerGene"><allele value="0:0:1"/></gene><gene class="org.jgap.impl.IntegerGene"><allele value="1:0:8"/></gene><gene class="org.jgap.impl.IntegerGene"><allele value="2:0:43"/></gene><gene class="org.jgap.impl.IntegerGene"><allele value="0:0:3"/></gene><gene class="org.jgap.impl.IntegerGene"><allele value="0:0:1"/></gene><gene class="org.jgap.impl.IntegerGene"><allele value="0:0:1"/></gene><gene class="org.jgap.impl.IntegerGene"><allele value="0:0:1"/></gene></genes></chromosome><chromosome size="10"><genes><gene class="org.jgap.impl.IntegerGene"><allele value="0:0:4"/></gene><gene class="org.jgap.impl.IntegerGene"><allele value="0:0:14"/></gene><gene class="org.jgap.impl.IntegerGene"><allele value="6:0:8"/></gene><gene class="org.jgap.impl.IntegerGene"><allele value="0:0:1"/></gene><gene class="org.jgap.impl.IntegerGene"><allele value="1:0:8"/></gene><gene class="org.jgap.impl.IntegerGene"><allele value="2:0:43"/></gene><gene class="org.jgap.impl.IntegerGene"><allele value="0:0:3"/></gene><gene class="org.jgap.impl.IntegerGene"><allele value="0:0:1"/></gene><gene class="org.jgap.impl.IntegerGene"><allele value="0:0:1"/></gene><gene class="org.jgap.impl.IntegerGene"><allele value="0:0:1"/></gene></genes></chromosome><chromosome size="10"><genes><gene class="org.jgap.impl.IntegerGene"><allele value="0:0:4"/></gene><gene class="org.jgap.impl.IntegerGene"><allele value="0:0:14"/></gene><gene class="org.jgap.impl.IntegerGene"><allele value="6:0:8"/></gene><gene class="org.jgap.impl.IntegerGene"><allele value="0:0:1"/></gene><gene class="org.jgap.impl.IntegerGene"><allele value="1:0:8"/></gene><gene class="org.jgap.impl.IntegerGene"><allele value="2:0:43"/></gene><gene class="org.jgap.impl.IntegerGene"><allele value="0:0:3"/></gene><gene class="org.jgap.impl.IntegerGene"><allele value="0:0:1"/></gene><gene class="org.jgap.impl.IntegerGene"><allele value="0:0:1"/></gene><gene class="org.jgap.impl.IntegerGene"><allele value="0:0:1"/></gene></genes></chromosome><chromosome size="10"><genes><gene class="org.jgap.impl.IntegerGene"><allele value="0:0:4"/></gene><gene class="org.jgap.impl.IntegerGene"><allele value="0:0:14"/></gene><gene class="org.jgap.impl.IntegerGene"><allele value="6:0:8"/></gene><gene class="org.jgap.impl.IntegerGene"><allele value="0:0:1"/></gene><gene class="org.jgap.impl.IntegerGene"><allele value="1:0:8"/></gene><gene class="org.jgap.impl.IntegerGene"><allele value="2:0:43"/></gene><gene class="org.jgap.impl.IntegerGene"><allele value="0:0:3"/></gene><gene class="org.jgap.impl.IntegerGene"><allele value="0:0:1"/></gene><gene class="org.jgap.impl.IntegerGene"><allele value="0:0:1"/></gene><gene class="org.jgap.impl.IntegerGene"><allele value="0:0:1"/></gene></genes></chromosome><chromosome size="10"><genes><gene class="org.jgap.impl.IntegerGene"><allele value="0:0:4"/></gene><gene class="org.jgap.impl.IntegerGene"><allele value="0:0:14"/></gene><gene class="org.jgap.impl.IntegerGene"><allele value="6:0:8"/></gene><gene class="org.jgap.impl.IntegerGene"><allele value="0:0:1"/></gene><gene class="org.jgap.impl.IntegerGene"><allele value="1:0:8"/></gene><gene class="org.jgap.impl.IntegerGene"><allele value="2:0:43"/></gene><gene class="org.jgap.impl.IntegerGene"><allele value="0:0:3"/></gene><gene class="org.jgap.impl.IntegerGene"><allele value="0:0:1"/></gene><gene class="org.jgap.impl.IntegerGene"><allele value="0:0:1"/></gene><gene class="org.jgap.impl.IntegerGene"><allele value="0:0:1"/></gene></genes></chromosome><chromosome size="10"><genes><gene class="org.jgap.impl.IntegerGene"><allele value="0:0:4"/></gene><gene class="org.jgap.impl.IntegerGene"><allele value="0:0:14"/></gene><gene class="org.jgap.impl.IntegerGene"><allele value="6:0:8"/></gene><gene class="org.jgap.impl.IntegerGene"><allele value="0:0:1"/></gene><gene class="org.jgap.impl.IntegerGene"><allele value="1:0:8"/></gene><gene class="org.jgap.impl.IntegerGene"><allele value="2:0:43"/></gene><gene class="org.jgap.impl.IntegerGene"><allele value="0:0:3"/></gene><gene class="org.jgap.impl.IntegerGene"><allele value="0:0:1"/></gene><gene class="org.jgap.impl.IntegerGene"><allele value="0:0:1"/></gene><gene class="org.jgap.impl.IntegerGene"><allele value="0:0:1"/></gene></genes></chromosome><chromosome size="10"><genes><gene class="org.jgap.impl.IntegerGene"><allele value="0:0:4"/></gene><gene class="org.jgap.impl.IntegerGene"><allele value="0:0:14"/></gene><gene class="org.jgap.impl.IntegerGene"><allele value="6:0:8"/></gene><gene class="org.jgap.impl.IntegerGene"><allele value="0:0:1"/></gene><gene class="org.jgap.impl.IntegerGene"><allele value="1:0:8"/></gene><gene class="org.jgap.impl.IntegerGene"><allele value="2:0:43"/></gene><gene class="org.jgap.impl.IntegerGene"><allele value="0:0:3"/></gene><gene class="org.jgap.impl.IntegerGene"><allele value="0:0:1"/></gene><gene class="org.jgap.impl.IntegerGene"><allele value="0:0:1"/></gene><gene class="org.jgap.impl.IntegerGene"><allele value="0:0:1"/></gene></genes></chromosome><chromosome size="10"><genes><gene class="org.jgap.impl.IntegerGene"><allele value="0:0:4"/></gene><gene class="org.jgap.impl.IntegerGene"><allele value="0:0:14"/></gene><gene class="org.jgap.impl.IntegerGene"><allele value="6:0:8"/></gene><gene class="org.jgap.impl.IntegerGene"><allele value="0:0:1"/></gene><gene class="org.jgap.impl.IntegerGene"><allele value="1:0:8"/></gene><gene class="org.jgap.impl.IntegerGene"><allele value="2:0:43"/></gene><gene class="org.jgap.impl.IntegerGene"><allele value="0:0:3"/></gene><gene class="org.jgap.impl.IntegerGene"><allele value="0:0:1"/></gene><gene class="org.jgap.impl.IntegerGene"><allele value="0:0:1"/></gene><gene class="org.jgap.impl.IntegerGene"><allele value="0:0:1"/></gene></genes></chromosome><chromosome size="10"><genes><gene class="org.jgap.impl.IntegerGene"><allele value="0:0:4"/></gene><gene class="org.jgap.impl.IntegerGene"><allele value="0:0:14"/></gene><gene class="org.jgap.impl.IntegerGene"><allele value="6:0:8"/></gene><gene class="org.jgap.impl.IntegerGene"><allele value="0:0:1"/></gene><gene class="org.jgap.impl.IntegerGene"><allele value="1:0:8"/></gene><gene class="org.jgap.impl.IntegerGene"><allele value="2:0:43"/></gene><gene class="org.jgap.impl.IntegerGene"><allele value="0:0:3"/></gene><gene class="org.jgap.impl.IntegerGene"><allele value="0:0:1"/></gene><gene class="org.jgap.impl.IntegerGene"><allele value="0:0:1"/></gene><gene class="org.jgap.impl.IntegerGene"><allele value="0:0:1"/></gene></genes></chromosome><chromosome size="10"><genes><gene class="org.jgap.impl.IntegerGene"><allele value="0:0:4"/></gene><gene class="org.jgap.impl.IntegerGene"><allele value="0:0:14"/></gene><gene class="org.jgap.impl.IntegerGene"><allele value="6:0:8"/></gene><gene class="org.jgap.impl.IntegerGene"><allele value="0:0:1"/></gene><gene class="org.jgap.impl.IntegerGene"><allele value="1:0:8"/></gene><gene class="org.jgap.impl.IntegerGene"><allele value="2:0:43"/></gene><gene class="org.jgap.impl.IntegerGene"><allele value="0:0:3"/></gene><gene class="org.jgap.impl.IntegerGene"><allele value="0:0:1"/></gene><gene class="org.jgap.impl.IntegerGene"><allele value="0:0:1"/></gene><gene class="org.jgap.impl.IntegerGene"><allele value="0:0:1"/></gene></genes></chromosome><chromosome size="10"><genes><gene class="org.jgap.impl.IntegerGene"><allele value="0:0:4"/></gene><gene class="org.jgap.impl.IntegerGene"><allele value="0:0:14"/></gene><gene class="org.jgap.impl.IntegerGene"><allele value="6:0:8"/></gene><gene class="org.jgap.impl.IntegerGene"><allele value="0:0:1"/></gene><gene class="org.jgap.impl.IntegerGene"><allele value="1:0:8"/></gene><gene class="org.jgap.impl.IntegerGene"><allele value="2:0:43"/></gene><gene class="org.jgap.impl.IntegerGene"><allele value="0:0:3"/></gene><gene class="org.jgap.impl.IntegerGene"><allele value="0:0:1"/></gene><gene class="org.jgap.impl.IntegerGene"><allele value="0:0:1"/></gene><gene class="org.jgap.impl.IntegerGene"><allele value="0:0:1"/></gene></genes></chromosome><chromosome size="10"><genes><gene class="org.jgap.impl.IntegerGene"><allele value="0:0:4"/></gene><gene class="org.jgap.impl.IntegerGene"><allele value="0:0:14"/></gene><gene class="org.jgap.impl.IntegerGene"><allele value="6:0:8"/></gene><gene class="org.jgap.impl.IntegerGene"><allele value="0:0:1"/></gene><gene class="org.jgap.impl.IntegerGene"><allele value="1:0:8"/></gene><gene class="org.jgap.impl.IntegerGene"><allele value="2:0:43"/></gene><gene class="org.jgap.impl.IntegerGene"><allele value="0:0:3"/></gene><gene class="org.jgap.impl.IntegerGene"><allele value="0:0:1"/></gene><gene class="org.jgap.impl.IntegerGene"><allele value="0:0:1"/></gene><gene class="org.jgap.impl.IntegerGene"><allele value="0:0:1"/></gene></genes></chromosome><chromosome size="10"><genes><gene class="org.jgap.impl.IntegerGene"><allele value="0:0:4"/></gene><gene class="org.jgap.impl.IntegerGene"><allele value="0:0:14"/></gene><gene class="org.jgap.impl.IntegerGene"><allele value="6:0:8"/></gene><gene class="org.jgap.impl.IntegerGene"><allele value="0:0:1"/></gene><gene class="org.jgap.impl.IntegerGene"><allele value="1:0:8"/></gene><gene class="org.jgap.impl.IntegerGene"><allele value="2:0:43"/></gene><gene class="org.jgap.impl.IntegerGene"><allele value="0:0:3"/></gene><gene class="org.jgap.impl.IntegerGene"><allele value="0:0:1"/></gene><gene class="org.jgap.impl.IntegerGene"><allele value="0:0:1"/></gene><gene class="org.jgap.impl.IntegerGene"><allele value="0:0:1"/></gene></genes></chromosome><chromosome size="10"><genes><gene class="org.jgap.impl.IntegerGene"><allele value="0:0:4"/></gene><gene class="org.jgap.impl.IntegerGene"><allele value="0:0:14"/></gene><gene class="org.jgap.impl.IntegerGene"><allele value="6:0:8"/></gene><gene class="org.jgap.impl.IntegerGene"><allele value="0:0:1"/></gene><gene class="org.jgap.impl.IntegerGene"><allele value="1:0:8"/></gene><gene class="org.jgap.impl.IntegerGene"><allele value="2:0:43"/></gene><gene class="org.jgap.impl.IntegerGene"><allele value="0:0:3"/></gene><gene class="org.jgap.impl.IntegerGene"><allele value="0:0:1"/></gene><gene class="org.jgap.impl.IntegerGene"><allele value="0:0:1"/></gene><gene class="org.jgap.impl.IntegerGene"><allele value="0:0:1"/></gene></genes></chromosome><chromosome size="10"><genes><gene class="org.jgap.impl.IntegerGene"><allele value="0:0:4"/></gene><gene class="org.jgap.impl.IntegerGene"><allele value="0:0:14"/></gene><gene class="org.jgap.impl.IntegerGene"><allele value="6:0:8"/></gene><gene class="org.jgap.impl.IntegerGene"><allele value="0:0:1"/></gene><gene class="org.jgap.impl.IntegerGene"><allele value="1:0:8"/></gene><gene class="org.jgap.impl.IntegerGene"><allele value="2:0:43"/></gene><gene class="org.jgap.impl.IntegerGene"><allele value="0:0:3"/></gene><gene class="org.jgap.impl.IntegerGene"><allele value="0:0:1"/></gene><gene class="org.jgap.impl.IntegerGene"><allele value="0:0:1"/></gene><gene class="org.jgap.impl.IntegerGene"><allele value="0:0:1"/></gene></genes></chromosome><chromosome size="10"><genes><gene class="org.jgap.impl.IntegerGene"><allele value="0:0:4"/></gene><gene class="org.jgap.impl.IntegerGene"><allele value="0:0:14"/></gene><gene class="org.jgap.impl.IntegerGene"><allele value="6:0:8"/></gene><gene class="org.jgap.impl.IntegerGene"><allele value="0:0:1"/></gene><gene class="org.jgap.impl.IntegerGene"><allele value="1:0:8"/></gene><gene class="org.jgap.impl.IntegerGene"><allele value="2:0:43"/></gene><gene class="org.jgap.impl.IntegerGene"><allele value="0:0:3"/></gene><gene class="org.jgap.impl.IntegerGene"><allele value="0:0:1"/></gene><gene class="org.jgap.impl.IntegerGene"><allele value="0:0:1"/></gene><gene class="org.jgap.impl.IntegerGene"><allele value="0:0:1"/></gene></genes></chromosome><chromosome size="10"><genes><gene class="org.jgap.impl.IntegerGene"><allele value="0:0:4"/></gene><gene class="org.jgap.impl.IntegerGene"><allele value="0:0:14"/></gene><gene class="org.jgap.impl.IntegerGene"><allele value="6:0:8"/></gene><gene class="org.jgap.impl.IntegerGene"><allele value="0:0:1"/></gene><gene class="org.jgap.impl.IntegerGene"><allele value="1:0:8"/></gene><gene class="org.jgap.impl.IntegerGene"><allele value="2:0:43"/></gene><gene class="org.jgap.impl.IntegerGene"><allele value="0:0:3"/></gene><gene class="org.jgap.impl.IntegerGene"><allele value="0:0:1"/></gene><gene class="org.jgap.impl.IntegerGene"><allele value="0:0:1"/></gene><gene class="org.jgap.impl.IntegerGene"><allele value="0:0:1"/></gene></genes></chromosome><chromosome size="10"><genes><gene class="org.jgap.impl.IntegerGene"><allele value="0:0:4"/></gene><gene class="org.jgap.impl.IntegerGene"><allele value="0:0:14"/></gene><gene class="org.jgap.impl.IntegerGene"><allele value="6:0:8"/></gene><gene class="org.jgap.impl.IntegerGene"><allele value="0:0:1"/></gene><gene class="org.jgap.impl.IntegerGene"><allele value="1:0:8"/></gene><gene class="org.jgap.impl.IntegerGene"><allele value="2:0:43"/></gene><gene class="org.jgap.impl.IntegerGene"><allele value="0:0:3"/></gene><gene class="org.jgap.impl.IntegerGene"><allele value="0:0:1"/></gene><gene class="org.jgap.impl.IntegerGene"><allele value="0:0:1"/></gene><gene class="org.jgap.impl.IntegerGene"><allele value="0:0:1"/></gene></genes></chromosome></genotype>